id,last_name,first_name,email_address,password,image,"phone number",specialty,country,state,city,address
1,Obrien,Spencer,example@email.com,d3fe8458710462b970246cafac4d537fe90dabef8361e83573f4a7f69276915d,img.png,952-942-7562,folk,USA,MN,"Eden Prairie","8614 Darnel Road"
2,Obrien,Spencer,example@email.com,d3fe8458710462b970246cafac4d537fe90dabef8361e83573f4a7f69276915d,img.png,952-942-7562,folk,USA,MN,"Eden Prairie","8614 Darnel Road"
3,Obrien,Spencer,example@email.com,d3fe8458710462b970246cafac4d537fe90dabef8361e83573f4a7f69276915d,img.png,952-942-7562,folk,USA,MN,"Eden Prairie","8614 Darnel Road"
4,Obrien,Spencer,example@email.com,d3fe8458710462b970246cafac4d537fe90dabef8361e83573f4a7f69276915d,img.png,952-942-7562,folk,USA,MN,"Eden Prairie","8614 Darnel Road"
5,Obrien,Spencer,example@email.com,d3fe8458710462b970246cafac4d537fe90dabef8361e83573f4a7f69276915d,img.png,952-942-7562,folk,USA,MN,"Eden Prairie","8614 Darnel Road"
6,Obrien,Spencer,example@email.com,d3fe8458710462b970246cafac4d537fe90dabef8361e83573f4a7f69276915d,img.png,952-942-7562,folk,USA,MN,"Eden Prairie","8614 Darnel Road"
7,Obrien,Spencer,example@email.com,d3fe8458710462b970246cafac4d537fe90dabef8361e83573f4a7f69276915d,img.png,952-942-7562,folk,USA,MN,"Eden Prairie","8614 Darnel Road"
8,Obrien,Spencer,example@email.com,d3fe8458710462b970246cafac4d537fe90dabef8361e83573f4a7f69276915d,img.png,952-942-7562,folk,USA,MN,"Eden Prairie","8614 Darnel Road"
9,Obrien,Spencer,example@email.com,d3fe8458710462b970246cafac4d537fe90dabef8361e83573f4a7f69276915d,img.png,952-942-7562,folk,USA,MN,"Eden Prairie","8614 Darnel Road"
10,Obrien,Spencer,example@email.com,d3fe8458710462b970246cafac4d537fe90dabef8361e83573f4a7f69276915d,img.png,952-942-7562,folk,USA,MN,"Eden Prairie","8614 Darnel Road"
11,Obrien,Spencer,example@email.com,d3fe8458710462b970246cafac4d537fe90dabef8361e83573f4a7f69276915d,img.png,952-942-7562,folk,USA,MN,"Eden Prairie","8614 Darnel Road"
12,Obrien,Spencer,example@email.com,d3fe8458710462b970246cafac4d537fe90dabef8361e83573f4a7f69276915d,img.png,952-942-7562,folk,USA,MN,"Eden Prairie","8614 Darnel Road"
13,Obrien,Spencer,example@email.com,d3fe8458710462b970246cafac4d537fe90dabef8361e83573f4a7f69276915d,img.png,952-942-7562,folk,USA,MN,"Eden Prairie","8614 Darnel Road"
14,Obrien,Spencer,example@email.com,d3fe8458710462b970246cafac4d537fe90dabef8361e83573f4a7f69276915d,img.png,952-942-7562,folk,USA,MN,"Eden Prairie","8614 Darnel Road"
15,Obrien,Spencer,example@email.com,d3fe8458710462b970246cafac4d537fe90dabef8361e83573f4a7f69276915d,img.png,952-942-7562,folk,USA,MN,"Eden Prairie","8614 Darnel Road"
16,Obrien,Spencer,example@email.com,d3fe8458710462b970246cafac4d537fe90dabef8361e83573f4a7f69276915d,img.png,952-942-7562,folk,USA,MN,"Eden Prairie","8614 Darnel Road"
17,Obrien,Spencer,example@email.com,d3fe8458710462b970246cafac4d537fe90dabef8361e83573f4a7f69276915d,img.png,952-942-7562,folk,USA,MN,"Eden Prairie","8614 Darnel Road"
18,Obrien,Spencer,example@email.com,d3fe8458710462b970246cafac4d537fe90dabef8361e83573f4a7f69276915d,img.png,952-942-7562,folk,USA,MN,"Eden Prairie","8614 Darnel Road"
19,Obrien,Spencer,example@email.com,d3fe8458710462b970246cafac4d537fe90dabef8361e83573f4a7f69276915d,img.png,952-942-7562,folk,USA,MN,"Eden Prairie","8614 Darnel Road"
20,Obrien,Spencer,example@email.com,d3fe8458710462b970246cafac4d537fe90dabef8361e83573f4a7f69276915d,img.png,952-942-7562,folk,USA,MN,"Eden Prairie","8614 Darnel Road"
21,Obrien,Spencer,example@email.com,d3fe8458710462b970246cafac4d537fe90dabef8361e83573f4a7f69276915d,img.png,952-942-7562,folk,USA,MN,"Eden Prairie","8614 Darnel Road"
22,Obrien,Spencer,example@email.com,d3fe8458710462b970246cafac4d537fe90dabef8361e83573f4a7f69276915d,img.png,952-942-7562,folk,USA,MN,"Eden Prairie","8614 Darnel Road"
23,Obrien,Spencer,example@email.com,d3fe8458710462b970246cafac4d537fe90dabef8361e83573f4a7f69276915d,img.png,952-942-7562,folk,USA,MN,"Eden Prairie","8614 Darnel Road"
24,Obrien,Spencer,example@email.com,d3fe8458710462b970246cafac4d537fe90dabef8361e83573f4a7f69276915d,img.png,952-942-7562,folk,USA,MN,"Eden Prairie","8614 Darnel Road"
25,Obrien,Spencer,example@email.com,d3fe8458710462b970246cafac4d537fe90dabef8361e83573f4a7f69276915d,img.png,952-942-7562,folk,USA,MN,"Eden Prairie","8614 Darnel Road"
26,Obrien,Spencer,example@email.com,d3fe8458710462b970246cafac4d537fe90dabef8361e83573f4a7f69276915d,img.png,952-942-7562,folk,USA,MN,"Eden Prairie","8614 Darnel Road"
27,Obrien,Spencer,example@email.com,d3fe8458710462b970246cafac4d537fe90dabef8361e83573f4a7f69276915d,img.png,952-942-7562,folk,USA,MN,"Eden Prairie","8614 Darnel Road"
28,Obrien,Spencer,example@email.com,d3fe8458710462b970246cafac4d537fe90dabef8361e83573f4a7f69276915d,img.png,952-942-7562,folk,USA,MN,"Eden Prairie","8614 Darnel Road"
29,Obrien,Spencer,example@email.com,d3fe8458710462b970246cafac4d537fe90dabef8361e83573f4a7f69276915d,img.png,952-942-7562,folk,USA,MN,"Eden Prairie","8614 Darnel Road"
30,Obrien,Spencer,example@email.com,d3fe8458710462b970246cafac4d537fe90dabef8361e83573f4a7f69276915d,img.png,952-942-7562,folk,USA,MN,"Eden Prairie","8614 Darnel Road"
31,Obrien,Spencer,example@email.com,d3fe8458710462b970246cafac4d537fe90dabef8361e83573f4a7f69276915d,img.png,952-942-7562,folk,USA,MN,"Eden Prairie","8614 Darnel Road"
32,Obrien,Spencer,example@email.com,d3fe8458710462b970246cafac4d537fe90dabef8361e83573f4a7f69276915d,img.png,952-942-7562,folk,USA,MN,"Eden Prairie","8614 Darnel Road"
33,Obrien,Spencer,example@email.com,d3fe8458710462b970246cafac4d537fe90dabef8361e83573f4a7f69276915d,img.png,952-942-7562,folk,USA,MN,"Eden Prairie","8614 Darnel Road"
34,Obrien,Spencer,example@email.com,d3fe8458710462b970246cafac4d537fe90dabef8361e83573f4a7f69276915d,img.png,952-942-7562,folk,USA,MN,"Eden Prairie","8614 Darnel Road"
35,Obrien,Spencer,example@email.com,d3fe8458710462b970246cafac4d537fe90dabef8361e83573f4a7f69276915d,img.png,952-942-7562,folk,USA,MN,"Eden Prairie","8614 Darnel Road"
36,Obrien,Spencer,example@email.com,d3fe8458710462b970246cafac4d537fe90dabef8361e83573f4a7f69276915d,img.png,952-942-7562,folk,USA,MN,"Eden Prairie","8614 Darnel Road"
37,Obrien,Spencer,example@email.com,d3fe8458710462b970246cafac4d537fe90dabef8361e83573f4a7f69276915d,img.png,952-942-7562,folk,USA,MN,"Eden Prairie","8614 Darnel Road"
38,Obrien,Spencer,example@email.com,d3fe8458710462b970246cafac4d537fe90dabef8361e83573f4a7f69276915d,img.png,952-942-7562,folk,USA,MN,"Eden Prairie","8614 Darnel Road"
39,Obrien,Spencer,example@email.com,d3fe8458710462b970246cafac4d537fe90dabef8361e83573f4a7f69276915d,img.png,952-942-7562,folk,USA,MN,"Eden Prairie","8614 Darnel Road"
40,Obrien,Spencer,example@email.com,d3fe8458710462b970246cafac4d537fe90dabef8361e83573f4a7f69276915d,img.png,952-942-7562,folk,USA,MN,"Eden Prairie","8614 Darnel Road"
